{"scope.version":"2","template.metadata":{"label":"App Promo Standard Assets App Install Static","adData":{"platforms":[1],"networks":[0],"features":[2],"verticals":[],"adTypes":[2],"components":[3,6,7]},"dynamicSchema":"app_promo_install","dimensions":[{"width":480,"height":320,"responsive":false},{"width":320,"height":480,"responsive":false}],"usageData":{"creationTimeMs":1529609081000},"thumbnail":"thumbnail.png","links":[]},"timeline.animationMode":"proMode","viewport.width":480,"viewport.height":320,"library.openDirectories":[],"library.GroupsPath":{},"library.downloadedAssets":{},"design.userpaddingleft":-480,"design.userpaddingtop":-320,"design.scrollleft":310.3999938964844,"design.scrolltop":245.60000610351562}