{"file:///D:/Users/Sager/Documents/cai%20gi%20day":{"assets/images/hashes.json":"H6fm9BvmGqBWPTQp018CLw==","assets/images/logo-mme.gif":"Eed8lWFg/cl2z6isSQThMg==","assets/images/pikpng.com-marketing-icon-png-1583427-801x577.png":"ikmsIfpqXyIN1x2FtC6M0w==","assets/images/z5-900x900-800x800.jpg":"sPXjWLLKSw/u6SGo86S20w==","assets/images/z1-810x810-800x800.png":"n/YY7FbohHGrWPSVBJyMjQ==","assets/images/z6-902x902-800x800.jpg":"Q5UOSiDgi9XR/pWzzi+Q0g==","assets/images/1a2b66116419569.6061d965483f9-1200x800-800x533.jpg":"jOAPQoVk8QxrNieCZ7j1mQ==","assets/images/z4-1200x800-800x533.jpg":"vk7ESoeLUmC2+s0AJz2wTw==","assets/images/z7-1800x1200-800x533.jpg":"RBSUPJlkVAOY1BwbmLGVCw==","assets/images/3-1200x800-800x533.jpg":"j1YE8V2l7yNOaCZ+KSGY3Q==","assets/images/z5-900x900.jpg":"5II6F+zBhXRMLsUONWRqNg==","assets/images/z1-810x810.png":"cRQMDzwK6wK3Dm+U/fgarQ==","assets/images/z6-902x902.jpg":"QO7f9nNsxIm0eVBdJfa5vg==","assets/images/1a2b66116419569.6061d965483f9-1200x800.jpg":"blzysSv4UNu9gS0mVJHVyw==","assets/images/z4-1200x800.jpg":"69YCNglaT1lQjhJNycK29w==","assets/images/z7-1800x1200.jpg":"jjSdGtsit5PSB7uMTBVWXg==","assets/images/3-1200x800.jpg":"TW/VBTuV7CbiX/uvfsw38w==","assets/images/gallery07.jpg":"+//apGJRd8wyti63QGr4QQ==","assets/images/bo-cong-thuong-192x73.png":"KTXBC6yYOsLEcIsP7ahbDA==","assets/images/1.png":"9iTwkS81Wy/6ZTtWbNiyhA==","assets/images/2.png":"rOmrypk1J0kCgJRtbCw3ag==","assets/images/3.png":"WDMJwjAnmbZIdVHMisOVmw==","assets/images/4.png":"1IETZX4jwQS9O3rGb02qmg==","assets/images/5.png":"zIznNV5sXwEEBVwAJvAlNQ==","assets/images/background1.jpg":"Hmjo9Xoh9qi5GjpLo/0eHQ==","assets/images/mme-11.gif":"+aEPL5u2tdeBkgItrH0iMA==","assets/images/background1-1.jpg":"Hmjo9Xoh9qi5GjpLo/0eHQ==","assets/images/background5.jpg":"UwKnF2KLr/ocdf9gues7Jg==","assets/images/mbr-1920x1271.jpg":"tOnbWESMhxR6CfDWxzNhrA==","assets/bootstrap/css/bootstrap.min.css":"Ov4V6XZzTZ2qwmMQEQxFlA==","assets/bootstrap/css/bootstrap-grid.min.css":"B/UEMwCpd8W0hrWHLpycag==","assets/bootstrap/css/bootstrap-reboot.min.css":"Ui5OyWvr8teeN3hgkVQeIQ==","assets/bootstrap/js/bootstrap.min.js":"a+pgw0xdtnlxUGENrNxrzg==","assets/popper/popper.min.js":"NiE4ESlZe/NNSKniYj4FyQ==","assets/tether/tether.min.css":"YhVaOUjL8Xsb9LQHyQq4Tw==","assets/tether/tether.min.js":"PlC291/0Eo8keLHUT4D9+w==","assets/theme/css/style.css":"6fOZEh7vGT496AAGYT74Ag==-VITbTf54ezV7Z7I/e4lZVw==","assets/smoothscroll/smooth-scroll.js":"1fU5SR6w/dKRUCNIywK1Sw==","assets/web/assets/jquery/jquery.min.js":"3F5/GMjTasHT1HU6h8mNCg==","assets/parallax/jarallax.min.js":"rX/x1RkUP0ZMvZZrsxrg7A==","assets/mbr-tabs/mbr-tabs.js":"PdAH8AQnY6LdWKriaPl5/A==","assets/masonry/masonry.pkgd.min.js":"BEau7sAhMraqQqWdxeWDbA==","assets/imagesloaded/imagesloaded.pkgd.min.js":"Y80YqvLgexHIPL6mzhFBAw==","assets/bootstrapcarouselswipe/bootstrap-carousel-swipe.js":"1NIoKK0GehKy3z7Pjjpsjw==","assets/gallery/player.min.js":"LD8pej9nbqJv1C5dclQ+TQ==","assets/gallery/script.js":"OyxeuyBT7MHx5sviM8X7ig==","assets/gallery/style.css":"bVAdY85TkpWp5+JO/cIM4g==","assets/vimeoplayer/jquery.mb.vimeo_player.js":"h/KYdzVTc1SdXKBMxj/4DQ==","assets/slidervideo/script.js":"7Om98P/y7L8yPdpJJT0jQA==","assets/dropdown/css/style.css":"s+S8lVC62P0BWFtgHpaNFA==","assets/dropdown/js/nav-dropdown.js":"dC/upwyur9A4kPhFrRHwaQ==","assets/dropdown/js/navbar-dropdown.js":"ZePnAsEAv4Y5wJTD95L44g==","assets/touchswipe/jquery.touch-swipe.min.js":"9g/wVGnRdXmW2F9BctT/TQ==","assets/mbr-clients-slider/mbr-clients-slider.js":"TBxIs+gnKy2NJBZcU7UhOg==","assets/web/assets/mobirise-icons/mobirise-icons.css":"t/IrTIzfJvbDUoCV05F+7Q==","assets/web/assets/mobirise-icons/mobirise-icons.eot":"T9iJ+Vffe7n6Gk/+pf9gEw==","assets/web/assets/mobirise-icons/mobirise-icons.svg":"Yp5pSlGdnLgPdQLUa/Yv3w==","assets/web/assets/mobirise-icons/mobirise-icons.ttf":"r0OtN8kuMaYwUc+mlGDUWA==","assets/web/assets/mobirise-icons/mobirise-icons.woff":"3aYYVAIqADvsB1jjxJZ73w==","assets/web/assets/mobirise-icons2/mobirise2.css":"+RO7OxVtE1FsD/N7V3/ADw==","assets/web/assets/mobirise-icons2/mobirise2.eot":"B2EjryGRojlTpzr1GHt3LQ==","assets/web/assets/mobirise-icons2/mobirise2.svg":"usCYAy7QdzckfeGReb9wWQ==","assets/web/assets/mobirise-icons2/mobirise2.ttf":"VMdAr7YYQ2ab9KiUyabAGA==","assets/web/assets/mobirise-icons2/mobirise2.woff":"xY3InaTfYGp0nlCuQBMudQ==","assets/socicon/css/styles.css":"q91aZJ04O5rzI1nJO9PRHw==","assets/socicon/fonts/socicon.eot":"MvYQV8XxgngrhGqjN3oHBw==","assets/socicon/fonts/socicon.svg":"U1iRKoyNjKeR+mUJr3QbXg==","assets/socicon/fonts/socicon.ttf":"IyAo3XNB2a/Q0ml3ZraPsQ==","assets/socicon/fonts/socicon.woff":"zQDjXd6bBUQi87pRsBWVqQ==","assets/socicon/fonts/socicon.woff2":"o3w8h99EHOwP99NXAoHpOQ==","assets/formoid/formoid.min.js":"3j3qzwLV9Nl7bILSTiJhPw==","assets/images/59e25186221287.6061ca25431f8-948x954.jpeg":"KZl0wb6lz2DlvS6qKbKbcw==","assets/images/index-meta.jpeg":"KZl0wb6lz2DlvS6qKbKbcw==","assets/images/1-1.png":"9iTwkS81Wy/6ZTtWbNiyhA==","assets/images/2-1.png":"rOmrypk1J0kCgJRtbCw3ag==","assets/images/3-1.png":"WDMJwjAnmbZIdVHMisOVmw==","assets/images/4-1.png":"1IETZX4jwQS9O3rGb02qmg==","assets/images/5-1.png":"zIznNV5sXwEEBVwAJvAlNQ==","assets/images/mbr-953x635.jpg":"PvdbNTjMDiBqwupKLfGB3Q==","assets/images/mbr-3-1920x1280.jpg":"CvgleaikR8y/h9OPkCBH4g==","assets/images/mbr-1-953x635.jpg":"THseINgx8FO6/cT9cNPBxA==","assets/images/mbr-6-1920x1280.jpg":"7dqBVhbsZ/4KIUnAiqzefw==","assets/images/mbr-2-953x635.jpg":"R/pW8Oj78ecT8FBDbYHBUQ==","assets/images/mbr-4-953x635.jpg":"2HDekJdYTp0tSxH3M9Kirw==","assets/images/mbr-3-953x635.jpg":"/frNVcYHmIGcNWDgw+ow/g==","assets/images/mbr-7-1920x1280.jpg":"s313IxgoRU1q2D7+4MVUMw==","assets/images/deltapi.svg":"ZGi5p+spcMNzbyKBf+LJOA==","assets/images/indexz-meta.jpeg":"KZl0wb6lz2DlvS6qKbKbcw==","assets/images/page1-meta.jpeg":"KZl0wb6lz2DlvS6qKbKbcw==","assets/images/page2-meta.jpeg":"KZl0wb6lz2DlvS6qKbKbcw==","assets/images/page3-meta.jpeg":"KZl0wb6lz2DlvS6qKbKbcw==","assets/images/background6.jpg":"oKqG9KdxUu8oCTN3MqDWiQ==","assets/images/mbr-1208x805.jpg":"RudhEyDSSK5DEhKxPjuwEQ==","assets/images/background.jpg":"f9mowdjxKuZFmHa2nU70kg==","assets/images/background2.jpg":"kaAoq6RQJm6Z1/ZqvRtQtA==","assets/viewportchecker/jquery.viewportchecker.js":"BtceVK1754iA5BP1vmYP/Q==","assets/witsec-mailform/mailform.js":"3CfaGavXTJTqf1k8sMd9iw==","assets/witsec-mailform/PHPMailer.php":"msI0fQB2V0jlswF9Y6cgrg==","assets/witsec-mailform/Exception.php":"GPaKi4fKEcLfoZFNKIXo8Q==","assets/witsec-mailform/SMTP.php":"mA8sDmvn/54pqp4ChRiPWA==","assets/witsec-mailform/captcha.php":"iiS/0hBG9cJYYE129JvomQ==","assets/images/page4-meta.jpeg":"KZl0wb6lz2DlvS6qKbKbcw==","assets/images/page5-meta.jpeg":"KZl0wb6lz2DlvS6qKbKbcw==","assets/images/page6-meta.jpeg":"KZl0wb6lz2DlvS6qKbKbcw==","assets/images/page7-meta.jpeg":"KZl0wb6lz2DlvS6qKbKbcw==","assets/images/page8-meta.jpeg":"KZl0wb6lz2DlvS6qKbKbcw==","assets/images/page9-meta.jpeg":"KZl0wb6lz2DlvS6qKbKbcw=="},"file:///D:/Users/Sager/Documents/MMe-site":{"assets/images/hashes.json":"HcV4OeCu5nKPEnJdo5n2nQ==","assets/images/logo-mme.gif":"Eed8lWFg/cl2z6isSQThMg==","assets/images/mbr-487x325.jpg":"ynRRoxpyMpyJUgLafl5grQ==","assets/images/mbr-1-487x325.png":"eiVTCXp7dnLhsSuufUd+jQ==","assets/images/mbr-517x291.png":"9kErBfSY53sQFbVJfJMBfg==","assets/images/mbr-517x345.jpg":"Fb0dfBYdhIZg1u/d8BZmBg==","assets/images/z5-900x900-800x800.jpg":"sPXjWLLKSw/u6SGo86S20w==","assets/images/z1-810x810-800x800.png":"n/YY7FbohHGrWPSVBJyMjQ==","assets/images/z6-902x902-800x800.jpg":"Q5UOSiDgi9XR/pWzzi+Q0g==","assets/images/1a2b66116419569.6061d965483f9-1200x800-800x533.jpg":"jOAPQoVk8QxrNieCZ7j1mQ==","assets/images/z4-1200x800-800x533.jpg":"vk7ESoeLUmC2+s0AJz2wTw==","assets/images/z7-1800x1200-800x533.jpg":"RBSUPJlkVAOY1BwbmLGVCw==","assets/images/3-1200x800-800x533.jpg":"j1YE8V2l7yNOaCZ+KSGY3Q==","assets/images/z5-900x900.jpg":"5II6F+zBhXRMLsUONWRqNg==","assets/images/z1-810x810.png":"cRQMDzwK6wK3Dm+U/fgarQ==","assets/images/z6-902x902.jpg":"QO7f9nNsxIm0eVBdJfa5vg==","assets/images/1a2b66116419569.6061d965483f9-1200x800.jpg":"blzysSv4UNu9gS0mVJHVyw==","assets/images/z4-1200x800.jpg":"69YCNglaT1lQjhJNycK29w==","assets/images/z7-1800x1200.jpg":"jjSdGtsit5PSB7uMTBVWXg==","assets/images/3-1200x800.jpg":"TW/VBTuV7CbiX/uvfsw38w==","assets/images/gallery07.jpg":"+//apGJRd8wyti63QGr4QQ==","assets/images/kisspng-letter-instagram-font-clip-art-portable-network-gr-instagram-una-red-social-imprescindible-para-tu-5b8982701f7eb2.402110881535738480129-custom-600x300.png":"jY7leP9FZq/oIaKyA5ZliA==","assets/images/kisspng-vidcon-us-youtube-logo-advertising-television-youtube-5abe38ff135b64.7299413415224158710793-custom-540x300.png":"V+sWjgY/kiAhWL8qP9D0Ew==","assets/images/kisspng-tiktok-musical-ly-video-bytedance-application-soft-tiktok-absorbs-popular-social-media-app-musical-ly-5b88240ebf3b66.6887401015356487827833-custom-762x300.png":"uFx5HnK/PXlyToIYO0W13Q==","assets/images/kisspng-facebook-f8-business-advertising-company-name-5abea9bb93fb54.7825415015224447316061-1024x301.png":"RCypkIu/lyoea4pCYQAxIA==","assets/images/kisspng-google-i-o-google-logo-google-5abe0c79e0a069.7456660315224044739201-custom-888x300.png":"A/cbthsZPuxtzHmxTxjmDA==","assets/images/bo-cong-thuong-192x73.png":"KTXBC6yYOsLEcIsP7ahbDA==","assets/images/ti-sao-website-quan-trng-700x470.jpg":"FxNfozkZ/tqxfm1Vkaawtg==","assets/images/mbr-2-517x345.jpg":"53ZBSb6tfqJAgXl2P30xmQ==","assets/images/mbr-1-517x345.jpg":"pOBMsS43ZSe7KZTCpnW3eA==","assets/images/mbr-517x318.jpg":"IGQGxtDtu3iNjBPrUzBnfA==","assets/images/mbr-2-517x291.jpg":"Goe3sW/iww4Q9Q2r6xyoAg==","assets/images/mbr-517x343.jpg":"7d2qi9xXrQuxDYc0ahJfgQ==","assets/images/mbr-517x241.png":"aJAwFAZ51SRzWu4uB2h1iw==","assets/images/mbr-517x317.jpg":"Lgc3OLizzgTZYYUE/HZvKw==","assets/images/mbr-1-517x291.jpg":"ESPPMdtCILmmx5EkBq1b4Q==","assets/images/logo-mme-140x140.png":"0RlyFCHwgNITDm3e4u97TA==","assets/images/wordpress-internet-marketing-2-1-960x520.png":"bD8KrFqJ3AsN3HMCG14TCw==","assets/images/thiet-ke-website-la-gi-800x493.jpg":"ZXYRYuU2Cqnwpwh5Fijjiw==","assets/images/hosting-nuoc-ngoai-nao-tot-nhat-3.webp":"nVLIKCUfHSDHBQPR/XwtSQ==","assets/images/mme-digital-marketing-logo.gif":"77dd+Uki7Lt/gjyPcrPsVQ==","assets/images/101-large-1623x1080.jpg":"RRmQQpNpQ7+EQVs/gZI9Sw==","assets/images/mbr-1920x904.jpg":"xYxhBIQXOqES1/m2Kt0+bQ==","assets/bootstrap/css/bootstrap.min.css":"Ov4V6XZzTZ2qwmMQEQxFlA==","assets/bootstrap/css/bootstrap-grid.min.css":"B/UEMwCpd8W0hrWHLpycag==","assets/bootstrap/css/bootstrap-reboot.min.css":"Ui5OyWvr8teeN3hgkVQeIQ==","assets/bootstrap/js/bootstrap.min.js":"a+pgw0xdtnlxUGENrNxrzg==","assets/popper/popper.min.js":"NiE4ESlZe/NNSKniYj4FyQ==","assets/tether/tether.min.css":"YhVaOUjL8Xsb9LQHyQq4Tw==","assets/tether/tether.min.js":"PlC291/0Eo8keLHUT4D9+w==","assets/theme/css/style.css":"6fOZEh7vGT496AAGYT74Ag==-VITbTf54ezV7Z7I/e4lZVw==","assets/smoothscroll/smooth-scroll.js":"1fU5SR6w/dKRUCNIywK1Sw==","assets/animatecss/animate.min.css":"F4tlGVjO/1VsvF81Xgi78Q==","assets/viewportchecker/jquery.viewportchecker.js":"BtceVK1754iA5BP1vmYP/Q==","assets/singa4real/plugin-backend.js":"Mp8xIcNSTeBkiA/Uc6OllA==","assets/singa4real/pro.php":"CncyqMpHE99FEnxeWQ1Gog==","assets/web/assets/jquery/jquery.min.js":"3F5/GMjTasHT1HU6h8mNCg==","assets/parallax/jarallax.min.js":"rX/x1RkUP0ZMvZZrsxrg7A==","assets/masonry/masonry.pkgd.min.js":"BEau7sAhMraqQqWdxeWDbA==","assets/imagesloaded/imagesloaded.pkgd.min.js":"Y80YqvLgexHIPL6mzhFBAw==","assets/bootstrapcarouselswipe/bootstrap-carousel-swipe.js":"1NIoKK0GehKy3z7Pjjpsjw==","assets/gallery/player.min.js":"LD8pej9nbqJv1C5dclQ+TQ==","assets/gallery/script.js":"OyxeuyBT7MHx5sviM8X7ig==","assets/gallery/style.css":"bVAdY85TkpWp5+JO/cIM4g==","assets/vimeoplayer/jquery.mb.vimeo_player.js":"h/KYdzVTc1SdXKBMxj/4DQ==","assets/slidervideo/script.js":"7Om98P/y7L8yPdpJJT0jQA==","assets/mbr-clients-slider/mbr-clients-slider.js":"TBxIs+gnKy2NJBZcU7UhOg==","assets/dropdown/css/style.css":"s+S8lVC62P0BWFtgHpaNFA==","assets/dropdown/js/nav-dropdown.js":"dC/upwyur9A4kPhFrRHwaQ==","assets/dropdown/js/navbar-dropdown.js":"ZePnAsEAv4Y5wJTD95L44g==","assets/touchswipe/jquery.touch-swipe.min.js":"9g/wVGnRdXmW2F9BctT/TQ==","assets/web/assets/mobirise-icons/mobirise-icons.css":"t/IrTIzfJvbDUoCV05F+7Q==","assets/web/assets/mobirise-icons/mobirise-icons.eot":"T9iJ+Vffe7n6Gk/+pf9gEw==","assets/web/assets/mobirise-icons/mobirise-icons.svg":"Yp5pSlGdnLgPdQLUa/Yv3w==","assets/web/assets/mobirise-icons/mobirise-icons.ttf":"r0OtN8kuMaYwUc+mlGDUWA==","assets/web/assets/mobirise-icons/mobirise-icons.woff":"3aYYVAIqADvsB1jjxJZ73w==","assets/material-design/css/material-icons.min.css":"sGAJTEjS5eVti+O+V1Y0yg==","assets/material-design/fonts/MaterialIcons-Regular.eot":"UuRc/237QKSUIyTx1xIe6g==","assets/material-design/fonts/MaterialIcons-Regular.svg":"oa3qZVlMUC+dlCjxOuIQ4Q==","assets/material-design/fonts/MaterialIcons-Regular.ttf":"KPMR+vmHIOaMmDwFUxpsUw==","assets/material-design/fonts/MaterialIcons-Regular.woff":"pQSCoNNtFsBkGXPiX87MXg==","assets/material-design/fonts/MaterialIcons-Regular.woff2":"9PZteTfJ3IJJudMChoEglA==","assets/font-awesome-brands/../css/fontawesome.min.css":"PfCyez513n79gArx131WzA==","assets/font-awesome-brands/css/brands.min.css":"dJN5T1ExrC7eM/qNDV2mCw==","assets/font-awesome-brands/fonts/fa-brands-400.eot":"+4jg6xz0+tWGeLzYJl7gfw==","assets/font-awesome-brands/fonts/fa-brands-400.svg":"LxIkI3Xt1o6QE+z7WcZy6Q==","assets/font-awesome-brands/fonts/fa-brands-400.ttf":"jInfRywT+cff0/X8/qUerw==","assets/font-awesome-brands/fonts/fa-brands-400.woff":"ySJIJq3g43w0pFcHbrdswA==","assets/font-awesome-brands/fonts/fa-brands-400.woff2":"jPNmFiMZbC4f1UCUZZ8gOQ==","assets/font-awesome-solid/../css/fontawesome.min.css":"PfCyez513n79gArx131WzA==","assets/font-awesome-solid/css/solid.min.css":"HpmldUm/Kva7EwwmTek4oA==","assets/font-awesome-solid/fonts/fa-solid-900.eot":"AdwGQa3Wp/kP1giHO5scLw==","assets/font-awesome-solid/fonts/fa-solid-900.svg":"Zk3jky3WKRtLiowN28tMYQ==","assets/font-awesome-solid/fonts/fa-solid-900.ttf":"IO+jegHnejVos9by8kY66w==","assets/font-awesome-solid/fonts/fa-solid-900.woff":"h8tvVkjRVsTfnSKJz3c7AQ==","assets/font-awesome-solid/fonts/fa-solid-900.woff2":"tTHsbRPm6qyu0uf8dTKkAw==","assets/gov-icons/css/govicons.min.css":"Ko0E5qk+JWz1wHyAMcRuDg==","assets/gov-icons/fonts/govicons-webfont.eot":"P2lEHudf/unqvYsGvkqG1Q==","assets/gov-icons/fonts/govicons-webfont.svg":"OkMvBJq0NQZl036lXAXF8Q==","assets/gov-icons/fonts/govicons-webfont.ttf":"a1h2hNuwWr1/JxtspGV9Gw==","assets/gov-icons/fonts/govicons-webfont.woff":"LLJAimtoU1wQykdt5/ps7g==","assets/gov-icons/fonts/govicons-webfont.woff2":"uqCFAbr+UbZU4YdG4GXTWg==","assets/map-icons/css/map-icons.min.css":"RZPOiC2g9SspRpeNFpmksQ==","assets/map-icons/fonts/map-icons.eot":"RrTloAVzsjNTJhN8JfTD6A==","assets/map-icons/fonts/map-icons.svg":"wfnkkiDJVoC4HBrK8iSZ2A==","assets/map-icons/fonts/map-icons.ttf":"9uVUma7NaQMD4x8GZL7g1Q==","assets/map-icons/fonts/map-icons.woff":"rG5evNfNU/6Y/Bwyayqn0w==","assets/web/assets/mobirise-icons2/mobirise2.css":"+RO7OxVtE1FsD/N7V3/ADw==","assets/web/assets/mobirise-icons2/mobirise2.eot":"B2EjryGRojlTpzr1GHt3LQ==","assets/web/assets/mobirise-icons2/mobirise2.svg":"usCYAy7QdzckfeGReb9wWQ==","assets/web/assets/mobirise-icons2/mobirise2.ttf":"VMdAr7YYQ2ab9KiUyabAGA==","assets/web/assets/mobirise-icons2/mobirise2.woff":"xY3InaTfYGp0nlCuQBMudQ==","assets/socicon/css/styles.css":"q91aZJ04O5rzI1nJO9PRHw==","assets/socicon/fonts/socicon.eot":"MvYQV8XxgngrhGqjN3oHBw==","assets/socicon/fonts/socicon.svg":"U1iRKoyNjKeR+mUJr3QbXg==","assets/socicon/fonts/socicon.ttf":"IyAo3XNB2a/Q0ml3ZraPsQ==","assets/socicon/fonts/socicon.woff":"zQDjXd6bBUQi87pRsBWVqQ==","assets/socicon/fonts/socicon.woff2":"o3w8h99EHOwP99NXAoHpOQ==","assets/formoid/formoid.min.js":"3j3qzwLV9Nl7bILSTiJhPw==","assets/images/59e25186221287.6061ca25431f8-948x954.jpeg":"KZl0wb6lz2DlvS6qKbKbcw==","assets/images/index-meta.jpeg":"KZl0wb6lz2DlvS6qKbKbcw=="}}