{"qY9g1aiohUWJ/al6P35ZKA==":"logo2-1.png","LwKtzsdf2qkvBt5s+ltPJA==":"jumbotron-2.jpg","VE0gT3ZgEziLzKcRm8QKlA==":"mbr-2-1130x753.jpg","0V+zTd6ncp8TpJlV0FR55Q==":"face-ads-600x600.png","Hmjo9Xoh9qi5GjpLo/0eHQ==":"background1-1.jpg","1rhu3QIDLmeUN9sf+eSmeQ==":"mbr-5-1920x1280.jpg","KTXBC6yYOsLEcIsP7ahbDA==":"bo-cong-thuong-192x73.png","YWtk6nGaMjPrrAlK0+ewRw==":"thi%E1%BA%BFt%20k%E1%BA%BF%20kh%C3%B4ng%20t%C3%AAn.gif","DgeqXP6X6tdafqzlUua7kA==":"mme.gif","KZl0wb6lz2DlvS6qKbKbcw==":"59e25186221287.6061ca25431f8-948x954.jpeg","yC+lrDIkztCtz7+6Oh9BSQ==":"1fb3c986221287.5d93204e29019-1-600x480.jpg","d5lAyQs84HMwWlD1OzOnkg==":"23f8d7116419569.6061d96547bda%20(1)-1920x810.png","MlpaUfuyGBcDlk3roY7/Zw==":"f3b593116418373.6061d5547175d-600x600.jpg","ECfTO/XNHOSSpNOWa7wJHg==":"73c11886322377.5d96caac89c93-1-1200x900.jpg","58HxVgxIaT/vRImoS8w6AQ==":"3c3d95116418637.6061d65b465e7-600x450.jpg","Zk4uvDdVR5/xcZ3O9VEGPg==":"6f071a85422717.5d91c1d559f91-1200x804.jpg","1RfDWuSWBuIqLDOPtUN9zg==":"6f071a85422717.5d91c1d559f91-1200x804-800x536.jpg","blzysSv4UNu9gS0mVJHVyw==":"1a2b66116419569.6061d965483f9-1200x800.jpg","YMVK1Tf1n0Y7o/NGN+SYHQ==":"5b952985422717.5d91c1d55a6f1-1800x1206.jpg","mJeKUTcVIEfuVJw3x5TayQ==":"z1-1215x810.png","TW/VBTuV7CbiX/uvfsw38w==":"3-1200x800.jpg","y5Sb0OYEo4WzC98HmAw/Iw==":"1fb3c986221287.5d93204e29019-600x400.jpg","SRmHdT8Q/MWkizi6MmLQSg==":"untitled-944x629.png","Jble/wtz9rodZkCYOjo1tw==":"z3-1569x1047.jpg","2O47R7OyZp3rqmxMPzchYQ==":"f3b593116418373.6061d5547175d-1-600x600.jpg","mDk+hbuk8DzwgPiGZCJW7Q==":"59e25186221287.6061ca25431f8-948x954.jpg","5II6F+zBhXRMLsUONWRqNg==":"z5-900x900.jpg","cRQMDzwK6wK3Dm+U/fgarQ==":"z1-810x810.png","QO7f9nNsxIm0eVBdJfa5vg==":"z6-902x902.jpg","69YCNglaT1lQjhJNycK29w==":"z4-1200x800.jpg","jjSdGtsit5PSB7uMTBVWXg==":"z7-1800x1200.jpg","1CNshdfJbZoHg/znanB+BQ==":"logo%20mme-192x192.png","U4Zkdb2KlpY1w6D2/Ymt/w==":"mbr-1920x1280.jpg","ZUwIOMm+6hvr7xaMV6TWJw==":".-100x100.png","897MON4+3OKYdSHPY2zvJg==":"mme-1920x1080.jpg","PkE9nVCQV88a3nWJVAYS4A==":"pikpng.com_marketing-icon-png-1583427-684x493.png","DGXX3WlLo4PfcNcD9incbA==":"thi%E1%BA%BFt%20k%E1%BA%BF%20kh%C3%B4ng%20t%C3%AAn-972x687.png","NHtWUx8X0C4LCU3QLrDE+g==":"zheader.gif","afvdWJLgldel9EcAiNBq/A==":"zheader-1.gif","o+jpO+7q02x8ZkHePwcFFw==":"mbr-972x648.jpg","TbwONmXqWvUQzZTxFuk2AQ==":"mbr-972x648.jpeg","JtSiHKB3dkb3G9fZs7UxAQ==":"mbr-1-972x648.jpeg","i8tu6Xo+En6kTclxEqHSmw==":"mme%20(6).gif","cOUsON+aKYWCdmRQFHiBSQ==":"mme%20(7).gif","+9hbYQMViKGzPMACOMxPJg==":"mme%20(8).gif","saoxADnJAHixcqgy8YbA1g==":"mme%20(9).gif","+9y9Yc1X0QRT0XvkF0uXpA==":"mme%20(10).gif","CwjzzQOgPY7vdFy5j60vDA==":"pikpng.com_marketing-icon-png-1584139-865x612.png","06vMIRMjWm1E6bQHH7hjNg==":"pikpng.com_marketing-icon-png-1584139-684x484.png","+aEPL5u2tdeBkgItrH0iMA==":"mme%20(11).gif","2urRaKYV0b6rq4zKdNIizQ==":"pikpng.com_digital-marketing-png-images-2946860-865x487.png","ikmsIfpqXyIN1x2FtC6M0w==":"pikpng.com_marketing-icon-png-1583427-801x577.png","nR36r/fV2YNJqfgMEZ/Mfg==":"mbr-2-511x341.jpg","j8kKw45XCZRSNbO3gYwKvQ==":"mbr-1-511x341.jpg","WVzde2qxTLMy4EL4LDFXKQ==":"mbr-511x340.jpg","uYJAhtP5TCWaihC2RhQ0aA==":"mbr-511x341.jpg","Vb7GgbMoe0curpGYBParsg==":"background3-1.jpg","9UT9caITh2M3LMYA1ZYeXg==":"background2.jpg","oRykAiO0rUD++7AmPeEwUg==":"background1.jpg","B0MYABRXF5oYmWqor9MlKg==":"mbr-6-1920x1280.jpg","UwKnF2KLr/ocdf9gues7Jg==":"background5.jpg","Vn+gRpJTiAzWc80re0K8QA==":"logo%20mme-192x69.png","uF1cz5yulqnETwE7TF1Qog==":"ii%20(1)-500x500.png","7eZ5ohc5oHEtjYOQfHRBQw==":"logo%20mme%203-2-192x128.png","rW3pfQ1YLRpJ41SM6XhG8w==":"logo%20mme%2016-9%20black-288x162.png","fN+YqSstmA5LRhBUH8PfWA==":"logo%20mme%205-3-341x205.png","vX4EyMGmGrTU826vxku8bg==":"logo%20mme%204-3-319x240.png","dLeubFPz+Fk+OsaB9BI66w==":"logo%20mme%203-2-255x170.png","oUvSSWRkW9Bfyka1djGhgQ==":"logo%20mme%204-3-288x217.png","ReU6QDIiEa10zn6cZ1ckgw==":"logo%20mme%205-3-254x152.png","NDIzMTBMZ8cx92qLe+h1wg==":"logo%20mme%205-3-320x192.png","3qwJo0JG9f9XP0mO/t/S0A==":"logo%20mme%204-3-320x241.png","CApUAhRKRvXq7ULHbNXSGw==":"logo%20mme-254x191.png","sNjwUNXe3Emf0nDkt+rd7A==":"thi%E1%BA%BFt%20k%E1%BA%BF%20kh%C3%B4ng%20t%C3%AAn%20(1).gif","Eed8lWFg/cl2z6isSQThMg==":"logo%20mme.gif","tOnbWESMhxR6CfDWxzNhrA==":"mbr-1920x1271.jpg","zIznNV5sXwEEBVwAJvAlNQ==":"5-1.png","9iTwkS81Wy/6ZTtWbNiyhA==":"1-1.png","1IETZX4jwQS9O3rGb02qmg==":"4-1.png","rOmrypk1J0kCgJRtbCw3ag==":"2-1.png","WDMJwjAnmbZIdVHMisOVmw==":"3-1.png","kaAoq6RQJm6Z1/ZqvRtQtA==":"background2.jpg","+sfvgpcQo7Kj78IkCJOl9Q==":"mbr-1920x1280.jpg","xFrfZGnJwJ91GrxcUqcZ2Q==":"mbr-1920x1279.jpg","HQwiI1jjADPK+Me7spqb0g==":"mbr-1-1920x1280.jpg","VAIc8D4BsTjVy40M4/UTeQ==":"mbr-2-1920x1280.jpg","CvgleaikR8y/h9OPkCBH4g==":"mbr-3-1920x1280.jpg","/kkK0Bzk/vjQOZnM2NWAlg==":"mbr-4-1920x1280.jpg","7W8C6KGGXjAzlSSq6YfHlg==":"mbr-1-1920x1279.jpg","Sva86SCI6LIbOffID46Grw==":"mbr-2-1920x1279.jpg","IGbh8jY3dwBRJsHT2jcTYw==":"mbr-1920x1246.jpg","PvdbNTjMDiBqwupKLfGB3Q==":"mbr-953x635.jpg","7dqBVhbsZ/4KIUnAiqzefw==":"mbr-6-1920x1280.jpg","THseINgx8FO6/cT9cNPBxA==":"mbr-1-953x635.jpg","8UNOkYWvBVhvIPXxg7S98w==":"mbr-1920x1069.jpg","LKsA8d8yj5mmU/ZYQYEoNg==":"mbr-1920x1069.jpeg","wVM0QeSfP6im923a7rC/HA==":"mbr-1-1920x1069.jpeg","9SjX0W/TghYHjvfDdfEhbA==":"mbr-953x520.png","R/pW8Oj78ecT8FBDbYHBUQ==":"mbr-2-953x635.jpg","ogXjRHxMg7TmsrAy/OxzYg==":"mbr-953x673.jpg","rlEYIUbv9hcxBuQ4HLBklA==":"mbr-1920x1278.jpg","/frNVcYHmIGcNWDgw+ow/g==":"mbr-3-953x635.jpg","2HDekJdYTp0tSxH3M9Kirw==":"mbr-4-953x635.jpg","s313IxgoRU1q2D7+4MVUMw==":"mbr-7-1920x1280.jpg","oKqG9KdxUu8oCTN3MqDWiQ==":"background6.jpg","1mU4bHtB4PkAAQpthU7RNw==":"edit.jpg","f9mowdjxKuZFmHa2nU70kg==":"background.jpg","RudhEyDSSK5DEhKxPjuwEQ==":"mbr-1208x805.jpg","VSuPg382pEbBfEg4/jQniA==":"mbr-8-1920x1280.jpg","FATN+LNiUaFGs8r510etOQ==":"marketing-online-148x148.png","dpJAxMKwq+i2Pom/7Q2oCw==":"web-design-148x148.png","5cMbhRwaICql8r24Wb/02A==":"mobile-100x100.png","5HgfW4GqhRUcT5Y4GxmXbg==":"icon-magento-amazon-cloud-hosting-1-148x148.png","KFp3CdO796slj86bottG+w==":"mbr-487x325.png","ynRRoxpyMpyJUgLafl5grQ==":"mbr-487x325.jpg","eiVTCXp7dnLhsSuufUd+jQ==":"mbr-1-487x325.png","e4TqBrI4HyYeZClE7FAWew==":"mbr-487x300.jpg","ewRBd06NCQRzwd3IIoo+pw==":"mbr-1-487x325.jpg","VfEMyE+67hnplCCMJtLM4A==":"mbr-487x323.jpg","zz9PfxqhrjQEgXymrV0orA==":"facebook-170x60.jpg","u/BluH/lKhCIWotiRISqlQ==":"mbr-1920x1275.jpg","F/rsTLOFpVzSV4K47QTYJQ==":"pngegg-64x48.png","c6oUUqNE+gGWErQoHPMqbA==":"languages-64x64.png","9kErBfSY53sQFbVJfJMBfg==":"mbr-517x291.png","Fb0dfBYdhIZg1u/d8BZmBg==":"mbr-517x345.jpg","TL5WH6J0IsLamFVUyrIt3A==":"web_3-8-2000x1250.jpg","b4efgRyBqI4cNTP7O51kUw==":"19306224-1000x780.jpg","bSWz/VTIQq640kUEogpKdQ==":"mme.com.vn-1024x768.png","xfY03B2wAfc5QWNWZGLGSw==":"mbr-1920x1075.jpg","KwvmpDsfqZAIXwda0qq/Hg==":"web_21-5-2000x1152.jpg","RRmQQpNpQ7+EQVs/gZI9Sw==":"101%20(large)-1623x1080.jpg","X0vn0yZjB/cz36gtAAvoyQ==":"web_3-8-2000x1250.jpeg","T///ByBaytpo5Ca+jRVKkA==":"web_3-9-2000x1250.jpeg","nJOVc0837dNz/ElQ4bg04Q==":"web_3-10-2000x1250.jpeg","MHpc67AmMX56a+eQUbnXbQ==":"web_3-11-2000x1250.jpeg","UGCzowzL2cjx046ip+YM3w==":"web_3-12-2000x1250.jpeg","Ir9dGUib+Ched9TxmuEIWw==":"3705eb01cf3c3962602d-2000x1246.jpg","AS2m17saWb5IjILmdoan4g==":"3705eb01cf3c3962602d%20(custom)-1920x1080.jpg","JvblXE/5cWIe/361hx2OuA==":"5f2ae617bd2a4b74123b-1921x1081.jpg","+HD3lyZZFPO29YLv3GKSIw==":"mme%20banner-1922x1081.png","77dd+Uki7Lt/gjyPcrPsVQ==":"mme%20digital%20marketing%20logo.gif","Qx5MxBAyjaKuvXVYS9+K9g==":"facebook_icon_2013.svg%20(custom)-300x300.png","A/cbthsZPuxtzHmxTxjmDA==":"kisspng-google-i-o-google-logo-google-5abe0c79e0a069.7456660315224044739201%20(custom)-888x300.png","tmPbEFHlkMtkLiKbdfRdSA==":"faq_ogimage%20(custom)-128x128.jpg","jY7leP9FZq/oIaKyA5ZliA==":"kisspng-letter-instagram-font-clip-art-portable-network-gr-instagram-una-red-social-imprescindible-para-tu-5b8982701f7eb2.402110881535738480129%20(custom)-600x300.png","V+sWjgY/kiAhWL8qP9D0Ew==":"kisspng-vidcon-us-youtube-logo-advertising-television-youtube-5abe38ff135b64.7299413415224158710793%20(custom)-540x300.png","uFx5HnK/PXlyToIYO0W13Q==":"kisspng-tiktok-musical-ly-video-bytedance-application-soft-tiktok-absorbs-popular-social-media-app-musical-ly-5b88240ebf3b66.6887401015356487827833%20(custom)-762x300.png","RCypkIu/lyoea4pCYQAxIA==":"kisspng-facebook-f8-business-advertising-company-name-5abea9bb93fb54.7825415015224447316061-1024x301.png","aJAwFAZ51SRzWu4uB2h1iw==":"mbr-517x241.png","Vfyxcb0FXnNzI3wH9CvBtA==":"mbr-517x291.jpg","Lgc3OLizzgTZYYUE/HZvKw==":"mbr-517x317.jpg","ESPPMdtCILmmx5EkBq1b4Q==":"mbr-1-517x291.jpg","bmKucV20bBia/q6QcPPKMg==":"mbr-517x464.png","pOBMsS43ZSe7KZTCpnW3eA==":"mbr-1-517x345.jpg","53ZBSb6tfqJAgXl2P30xmQ==":"mbr-2-517x345.jpg","IGQGxtDtu3iNjBPrUzBnfA==":"mbr-517x318.jpg","Goe3sW/iww4Q9Q2r6xyoAg==":"mbr-2-517x291.jpg","7d2qi9xXrQuxDYc0ahJfgQ==":"mbr-517x343.jpg","0RlyFCHwgNITDm3e4u97TA==":"logo%20mme-140x140.png","grNK6T6DuoU6D16BKqwSpg==":"mbr-1400x788.jpg","FxNfozkZ/tqxfm1Vkaawtg==":"t%E1%BA%A1i%20sao%20website%20quan%20tr%E1%BB%8Dng-700x470.jpg","bD8KrFqJ3AsN3HMCG14TCw==":"wordpress-internet-marketing-2-1-960x520.png","ZXYRYuU2Cqnwpwh5Fijjiw==":"thiet-ke-website-la-gi-800x493.jpg","nVLIKCUfHSDHBQPR/XwtSQ==":"hosting-nuoc-ngoai-nao-tot-nhat-3.webp","O3WkKlhds2mXBFB7ljTJEA==":"mbr-1920x1268.jpg","xYxhBIQXOqES1/m2Kt0+bQ==":"mbr-1920x904.jpg"}